Category,sellerRating,Duration,OpenPrice,ClosePrice,endDay
Collectibles,1,5,0.01,112.52,Tue
Collectibles,1,5,0.01,61.05,Tue
Collectibles,1,5,0.01,52.02,Tue
Collectibles,1,5,0.01,46.02,Tue
Collectibles,1,5,0.01,26,Tue
Collectibles,1,5,0.01,20.7,Tue
Automotive,1,5,9.99,197.5,Sat
Computer,1,5,1.229824561,35.04999999,Mon
Collectibles,1,5,0.01,188.33,Fri
Collectibles,1,5,0.01,43,Fri
Collectibles,1,5,0.01,23.65,Fri
Collectibles,1,5,0.01,22,Fri
Electronics,4,10,1.22969697,81.16000002,Sat
Electronics,4,5,0.01,62,Sat
Books,5,10,6.15,6.15,Wed
Collectibles,5,5,19.99,77,Sun
Electronics,7,3,67.63480664,222.58,Sat
Music/Movie/Game,7,3,36.89000001,36.89000001,Sat
Electronics,8,5,69.99,69.99,Tue
Books,8,5,15,47.78,Sun
Automotive,8,7,25,91,Sat
Electronics,9,5,1.23,1.23,Sun
Automotive,10,5,50,170.5,Tue
Electronics,10,10,1.229751553,197.99,Sat
Automotive,10,5,1,70,Mon
Electronics,13,10,122.9754902,250.87,Wed
Electronics,13,7,122.9739284,278.29,Sun
Books,15,10,1.231075697,3.089999999,Sun
Music/Movie/Game,17,7,1.766933129,23.22,Thu
Music/Movie/Game,17,7,1.766914286,18.74,Thu
Music/Movie/Game,17,7,1.76697931,12.94,Thu
Music/Movie/Game,17,7,1.7676,9.819999998,Thu
Music/Movie/Game,17,7,1.767255319,8.39,Thu
Collectibles,18,7,10.70758928,31.97999999,Thu
Collectibles,18,7,2.678181818,9.819999998,Thu
Collectibles,18,7,7.14,7.14,Thu
Home/Garden,18,10,6.15,18.45,Sun
Clothing/Accessories,18,10,1.229333333,9.219999998,Sun
Automotive,18,3,4,29.5,Sat
Automotive,18,3,9.99,13,Sat
Automotive,18,3,9.99,9.99,Sat
Computer,18,7,0.99,15.51,Mon
Collectibles,19,10,1.22970297,124.2,Sat
Collectibles,20,5,0.99,103.55,Mon
Computer,21,7,5.354916066,22.33,Thu
Automotive,23,10,1.23,1.23,Wed
Computer,24,3,0.99,265,Sat
Clothing/Accessories,24,7,2.45,2.45,Sat
Electronics,27,10,1.229708738,126.66,Sun
Music/Movie/Game,28,7,10,26,Fri
Home/Garden,29,7,0.017846154,11.6,Thu
Automotive,29,5,24.99,43,Mon
Automotive,29,1,5,300,Fri
Computer,29,7,1.23,1.23,Fri
Electronics,30,3,1.229772727,270.5499999,Sun
Books,30,7,0.7,0.7,Mon
Automotive,33,7,10,91,Fri
Clothing/Accessories,37,3,1.229655172,17.82999999,Thu
Clothing/Accessories,37,3,11.06666667,49.80000002,Sat
Clothing/Accessories,37,5,1.22962963,49.80000002,Mon
Electronics,39,3,1,80,Sat
Clothing/Accessories,41,7,1.23,1.23,Thu
Clothing/Accessories,41,10,1.23,3.69,Sun
Clothing/Accessories,41,10,1.23,3.69,Sun
Clothing/Accessories,41,7,1.229638554,51.02999999,Fri
Music/Movie/Game,50,3,7.99,7.99,Sat
Music/Movie/Game,50,3,7.99,7.99,Sat
Music/Movie/Game,50,3,7.99,7.99,Sat
Music/Movie/Game,50,3,6.99,6.99,Sat
Music/Movie/Game,50,3,4.99,4.99,Sat
Electronics,50,5,1.229743996,186.38,Fri
Home/Garden,53,7,3.551384616,17.4,Thu
Home/Garden,53,7,1.766009501,7.51,Thu
Home/Garden,53,7,1.767857143,7.500000001,Thu
Home/Garden,53,7,1.76653125,5.71,Thu
Home/Garden,53,7,1.76653125,5.71,Thu
Home/Garden,53,7,1.7655,5.349999999,Thu
Home/Garden,53,7,1.766769231,4.640000001,Thu
Home/Garden,53,7,1.7655,4.279999999,Thu
Home/Garden,53,7,1.7655,4.279999999,Thu
Home/Garden,53,7,1.764977376,3.94,Thu
Home/Garden,53,7,1.767857143,3.750000001,Thu
Home/Garden,53,7,1.766368421,3.389999999,Thu
Home/Garden,53,7,1.765028572,3.12,Thu
Home/Garden,53,7,1.764529412,3.03,Thu
Home/Garden,53,7,1.769112427,3.020000001,Thu
Home/Garden,53,7,1.769625,2.86,Thu
Home/Garden,53,7,1.766875,2.57,Thu
Home/Garden,53,7,1.7655,2.14,Thu
Home/Garden,54,10,1.23,1.23,Tue
Home/Garden,54,5,1.228888889,5.530000001,Sat
Home/Garden,56,7,1.229672131,75.00999999,Fri
Electronics,65,7,12.29,12.29,Thu
Computer,67,7,150,227.5,Sun
Electronics,69,7,1.22975,245.95,Mon
Music/Movie/Game,70,7,0.894230769,1.86,Thu
Home/Garden,71,7,1.229649239,18.58,Thu
Electronics,71,10,1.229782686,69.03999999,Sun
Automotive,71,7,1.229720818,55.94000001,Sat
Jewelry,72,1,2.45,2.45,Thu
Jewelry,72,1,2.45,2.45,Fri
Collectibles,76,3,5.99,5.99,Sun
Clothing/Accessories,77,7,1.767333333,4.82,Thu
Collectibles,81,7,3.99,11.5,Sat
Automotive,83,5,9.99,48,Mon
Books,83,10,1.230038023,6.470000001,Fri
Collectibles,88,7,1.784490961,37.51,Thu
Automotive,88,7,12.47548572,18.74,Thu
Books,88,7,13.36811696,15.26,Thu
Collectibles,88,7,1.784029038,9.829999999,Thu
Jewelry,89,10,2.448525347,8.010000003,Wed
Books,89,10,1.23,1.23,Wed
Home/Garden,91,10,1.229752066,59.51999999,Tue
Collectibles,93,10,1.229686791,54.18000001,Tue
Automotive,97,3,290,290,Fri
Home/Garden,100,10,9.838048784,25.21000001,Fri
Home/Garden,100,10,9.838048784,25.21000001,Fri
Home/Garden,100,10,1.23,1.23,Fri
Music/Movie/Game,104,7,2.45,2.45,Thu
Music/Movie/Game,104,7,1.228,3.07,Mon
Music/Movie/Game,104,7,1.829999999,1.829999999,Mon
Books,104,7,1.23,1.23,Mon
Music/Movie/Game,104,7,1.23,1.23,Mon
Music/Movie/Game,105,7,4.443692309,11.6,Thu
Music/Movie/Game,105,7,4.442336282,10.08,Thu
Music/Movie/Game,105,7,4.444914894,8.39,Thu
Music/Movie/Game,105,7,4.44309375,5.71,Thu
Music/Movie/Game,105,7,4.445813149,5.16,Thu
Music/Movie/Game,105,7,4.443122676,4.8,Thu
Music/Movie/Game,105,7,4.44,4.44,Thu
Music/Movie/Game,105,7,4.44,4.44,Thu
Computer,105,7,2.45,2.45,Thu
Computer,105,3,2.45,2.45,Sun
Automotive,106,7,1.229655517,49.26000001,Sun
Pottery/Glass,107,10,1.767857143,7.500000001,Thu
Electronics,110,5,1.229911446,37.49999999,Sun
Collectibles,110,1,9.99,31.01,Fri
Computer,112,7,9.99,28,Sun
Automotive,112,5,28.99,28.99,Mon
Computer,113,7,1.23,9.84,Tue
Automotive,113,5,1,1,Sun
Books,115,7,4,4,Sun
Home/Garden,118,7,1.229677419,57.17999998,Tue
Music/Movie/Game,118,7,1.76715,14.28,Thu
Music/Movie/Game,118,7,1.766769231,11.6,Thu
Music/Movie/Game,118,7,1.7685,3.929999999,Thu
Clothing/Accessories,121,7,1.766914286,74.96000001,Thu
Music/Movie/Game,123,7,5,37,Tue
Music/Movie/Game,123,7,3,6.5,Tue
Music/Movie/Game,130,7,2.46,2.46,Sun
Music/Movie/Game,133,5,9.99,9.99,Sun
Music/Movie/Game,133,5,8.99,8.99,Sun
Music/Movie/Game,133,5,8.99,8.99,Sun
Automotive,133,7,35,104.49,Sat
Music/Movie/Game,133,5,8.99,45.44,Mon
Music/Movie/Game,133,5,8.99,22.76,Mon
Electronics,137,10,1.229752463,51.16999999,Sun
Clothing/Accessories,141,7,6.140000001,6.140000001,Thu
Clothing/Accessories,141,7,6.140000001,6.140000001,Thu
Clothing/Accessories,141,7,4.91,4.91,Fri
Automotive,146,7,85,85,Tue
Automotive,146,5,115,115,Sun
Automotive,146,5,95,95,Mon
Automotive,146,5,89.95,89.95,Mon
Automotive,146,3,89.95,89.95,Fri
Electronics,148,7,5.99,120.5,Mon
Electronics,148,7,5.99,52.23,Mon
Books,149,7,1.77,1.77,Thu
Music/Movie/Game,149,7,1.77,1.77,Thu
Electronics,156,7,50,187.5,Fri
Home/Garden,157,7,2.459744586,22.15,Fri
Home/Garden,157,7,11.06730066,16.81,Fri
Home/Garden,157,7,11.06571429,12.91000001,Fri
Clothing/Accessories,158,3,8.490000003,8.490000003,Thu
Automotive,163,7,1.22970297,124.2,Thu
Automotive,163,10,1.229745949,122.95,Sun
Clothing/Accessories,164,7,12.17526315,49.06999998,Wed
Clothing/Accessories,164,7,12.17526315,49.06999998,Wed
Clothing/Accessories,164,7,12.17468227,36.76999999,Wed
Clothing/Accessories,164,7,12.1749375,118.06,Tue
Clothing/Accessories,164,7,12.17489362,98.26,Tue
Clothing/Accessories,164,7,12.17376362,73.35,Tue
Clothing/Accessories,164,7,12.17505883,62.72000002,Tue
Clothing/Accessories,164,7,12.17373627,55.95000002,Tue
Clothing/Accessories,164,7,12.17506964,44.15,Tue
Clothing/Accessories,164,7,12.17541445,43.77000001,Tue
Clothing/Accessories,164,7,12.17468227,36.76999999,Tue
Clothing/Accessories,164,7,12.17468227,36.76999999,Tue
Clothing/Accessories,164,7,12.17468227,36.76999999,Tue
Clothing/Accessories,164,7,6.025622492,30.62000001,Tue
Clothing/Accessories,164,5,12.174,81.16000002,Mon
Clothing/Accessories,164,5,12.1737541,75.00999999,Mon
Clothing/Accessories,164,5,12.17419032,73.66000002,Mon
Clothing/Accessories,164,5,12.1751927,60.62999999,Mon
Clothing/Accessories,164,5,12.17373627,55.95000002,Mon
Clothing/Accessories,164,5,12.17526315,49.06999998,Mon
Clothing/Accessories,164,5,12.17560563,43.66,Mon
Computer,165,10,1.23,1.23,Wed
Collectibles,166,5,6,21.33,Sun
Collectibles,170,7,1.229411765,10.45,Thu
Collectibles,170,7,1.22962963,16.60000001,Fri
Collectibles,170,7,1.229333333,9.219999998,Fri
Collectibles,170,7,1.228571429,4.300000002,Fri
Clothing/Accessories,174,10,2.446373333,9.219999998,Fri
Music/Movie/Game,193,5,0.99,10.52,Sat
Music/Movie/Game,197,7,5.355,17.85,Thu
Music/Movie/Game,197,7,8.905230771,11.6,Thu
Music/Movie/Game,197,7,5.357142858,7.500000001,Thu
Music/Movie/Game,197,7,5.349999999,5.349999999,Thu
Computer,199,7,2.446781539,19.98000001,Sun
Music/Movie/Game,200,7,8.925,10.71,Thu
Home/Garden,200,7,5.533448274,17.82999999,Sun
Books,201,7,16.04597347,49.78000001,Thu
Books,201,7,2.66,2.66,Thu
Music/Movie/Game,205,7,8.61,8.61,Sun
Music/Movie/Game,205,7,24.59636364,33.82000001,Fri
Music/Movie/Game,205,7,2.446752382,12.91000001,Fri
Music/Movie/Game,205,7,9.84,9.84,Fri
Music/Movie/Game,205,7,2.449661971,4.369999998,Fri
Music/Movie/Game,205,7,2.444857144,4.300000002,Fri
Music/Movie/Game,205,7,2.44372,3.07,Fri
Music/Movie/Game,205,7,2.45,2.45,Fri
Music/Movie/Game,205,7,2.45,2.45,Fri
Music/Movie/Game,205,7,2.45,2.45,Fri
Music/Movie/Game,205,7,2.45,2.45,Fri
Automotive,206,5,9.95,17.55,Sun
Books,212,7,6.99,9.01,Fri
Music/Movie/Game,215,7,1.764529412,3.03,Thu
Music/Movie/Game,215,7,1.77,1.77,Thu
Collectibles,221,7,1.23,3.69,Wed
Collectibles,227,7,2.4477,12.3,Sat
Clothing/Accessories,241,7,1.229861467,23.96999999,Sun
Music/Movie/Game,265,1,10.69,10.69,Thu
Home/Garden,266,5,1.22997416,14.28,Sat
Books,268,10,1.845,2.46,Sun
Music/Movie/Game,277,7,17.84705882,182.04,Thu
Music/Movie/Game,277,7,17.84651163,76.74000001,Thu
Clothing/Accessories,278,7,12.28574118,31.36000001,Sat
Clothing/Accessories,279,10,6.024697985,18.31999999,Tue
Clothing/Accessories,279,10,1.23,1.23,Tue
Home/Garden,280,3,24.77,24.77,Sat
Music/Movie/Game,286,5,1.229818182,33.82000001,Sat
Music/Movie/Game,293,10,1.766522911,6.620000001,Thu
Books,294,10,6.15,6.15,Tue
Clothing/Accessories,299,7,3.6777,6.15,Thu
Automotive,305,10,1.229712192,161.08,Sun
Music/Movie/Game,309,7,8.909999999,8.909999999,Thu
Clothing/Accessories,315,7,3.680000001,3.680000001,Sat
Electronics,316,10,9.838333336,59.03000002,Wed
Computer,320,3,9.99,162.5,Sat
Computer,320,3,9.99,124.5,Sat
Computer,320,3,9.99,120.99,Sat
Computer,320,3,9.99,117.5,Sat
Books,321,10,4.92,4.92,Wed
Home/Garden,326,5,5,5,Mon
Computer,335,1,1.229756098,25.21000001,Thu
Collectibles,336,7,2,122.5,Mon
Collectibles,337,7,3.99,5.5,Sun
Music/Movie/Game,351,10,6.140000001,6.140000001,Tue
Music/Movie/Game,351,10,4.903266667,5.530000001,Tue
Automotive,351,3,24.95,24.95,Fri
Automotive,351,3,9.95,9.95,Fri
Automotive,351,3,7.95,7.95,Fri
Automotive,351,3,6.95,6.95,Fri
Automotive,351,3,6.95,6.95,Fri
Automotive,352,5,49.95,49.95,Sun
Automotive,352,5,32.95,32.95,Sun
Automotive,352,3,11.95,11.95,Sat
Books,352,7,0.01,11.5,Sat
Collectibles,359,7,9.99,20.39,Tue
Collectibles,359,7,9.99,66,Mon
Automotive,361,1,31,31,Fri
Automotive,362,5,1,199,Mon
Music/Movie/Game,365,10,8.909999999,8.909999999,Thu
Collectibles,366,7,0.99,232.5,Sat
Computer,366,5,2.5,2.5,Mon
Clothing/Accessories,370,7,6.136612953,41.21000001,Thu
Home/Garden,376,7,3.57,3.57,Thu
Pottery/Glass,380,7,4.5,6.5,Fri
Electronics,384,7,1.22978022,111.91,Sat
Collectibles,387,7,5,74.75,Sat
Collectibles,387,7,5,36,Sat
Home/Garden,390,5,0.99,11.5,Mon
Clothing/Accessories,393,10,2.446973314,35.01999999,Sun
Clothing/Accessories,393,10,2.447162163,45.50000001,Sat
Clothing/Accessories,393,10,2.446992095,31.11000001,Sat
Electronics,405,5,9.99,12.5,Sun
Electronics,405,5,6.99,8.95,Sun
Books,410,5,1.23,1.23,Mon
Computer,411,3,0.99,0.99,Sat
Computer,411,5,0.99,8.5,Mon
Books,415,10,1.229546517,26.3,Sat
Clothing/Accessories,421,5,4.99,7.25,Sat
Music/Movie/Game,429,3,2.662603551,3.020000001,Thu
Collectibles,433,5,2.44830303,4.059999999,Fri
Computer,434,7,9.99,41.5,Sun
Music/Movie/Game,439,3,6.47,6.47,Fri
Collectibles,442,10,1.229090909,6.76,Wed
Collectibles,442,7,1.229802513,27.39999999,Sun
Computer,454,3,0.99,26,Sat
Computer,454,5,0.99,15.5,Mon
Music/Movie/Game,471,5,0.99,9.5,Mon
Automotive,479,7,1.22974359,191.84,Mon
Automotive,479,7,1.229712323,85.92000001,Mon
Automotive,501,7,9,52,Mon
Collectibles,510,3,2.5,2.5,Sun
Clothing/Accessories,519,7,1.23,22.14,Wed
Clothing/Accessories,519,5,1.229677419,19.05999999,Mon
Automotive,523,7,9.99,15.5,Fri
Automotive,526,10,1.229230769,7.989999999,Wed
Automotive,526,10,1.230357143,6.890000001,Tue
Automotive,526,10,1.229617304,7.389999997,Thu
Automotive,526,10,1.229230769,7.989999999,Sat
Automotive,526,10,1.23,8.61,Mon
Automotive,526,10,1.230359521,9.240000003,Fri
Collectibles,533,3,6.15,6.15,Thu
Home/Garden,533,7,0.01,112.5,Mon
Collectibles,533,7,6.14761905,25.82000001,Fri
Collectibles,533,7,6.145454545,6.76,Fri
Automotive,536,10,11.06772152,97.14999997,Tue
Collectibles,537,10,10.95387097,13.72,Thu
Collectibles,541,7,9.99,16.5,Sun
Collectibles,541,7,8.99,15.5,Sun
Collectibles,541,7,9.99,10.75,Sun
Pottery/Glass,541,7,9.99,9.99,Sun
Music/Movie/Game,548,10,1.229583975,7.979999998,Tue
Home/Garden,552,3,50,50,Sun
Clothing/Accessories,569,10,2.447301705,16.59,Thu
Clothing/Accessories,569,10,2.44372,3.07,Thu
Electronics,572,7,22.95,22.95,Tue
Electronics,572,7,22.95,22.95,Mon
Collectibles,576,7,9.99,17.5,Sun
Collectibles,578,10,2.45,2.45,Sun
Collectibles,578,10,2.45,2.45,Sun
Collectibles,578,10,2.447441559,9.470000001,Mon
Collectibles,578,10,2.447232376,9.42,Mon
Collectibles,578,10,2.446558604,4.93,Mon
Collectibles,578,10,2.45,2.45,Mon
Collectibles,578,10,2.45,2.45,Mon
Collectibles,578,10,2.45,2.45,Mon
Collectibles,578,10,2.45,2.45,Mon
Automotive,584,5,5,26,Sat
Jewelry,593,7,21.42,21.42,Thu
Clothing/Accessories,595,5,1.229750779,110.53,Thu
Clothing/Accessories,595,10,1.229850746,41.19999999,Sun
Clothing/Accessories,595,5,1.229741379,142.65,Mon
Clothing/Accessories,595,5,1.229713293,141.54,Mon
Clothing/Accessories,595,7,1.229866667,46.12000001,Mon
Clothing/Accessories,595,7,1.22969697,40.58000001,Mon
Clothing/Accessories,595,7,1.229846154,39.97000001,Mon
Clothing/Accessories,595,7,1.229836066,37.51000001,Mon
Clothing/Accessories,595,7,1.229830508,36.27999999,Mon
Clothing/Accessories,595,7,1.229818182,33.82000001,Mon
Music/Movie/Game,613,10,8.61,8.61,Tue
Collectibles,626,3,9.99,9.99,Sun
Music/Movie/Game,632,7,8.90715,24.99,Thu
Music/Movie/Game,632,7,8.907522389,11.96,Thu
Music/Movie/Game,632,7,8.909999999,8.909999999,Thu
Music/Movie/Game,632,7,8.909999999,8.909999999,Thu
Music/Movie/Game,632,7,8.909999999,8.909999999,Thu
Jewelry,637,10,3.565426356,15.86,Tue
Books,638,3,2.99,2.99,Sat
Books,638,5,3.99,3.99,Mon
Books,650,7,4.5,4.85,Fri
Music/Movie/Game,657,10,1.23,22.14,Tue
Music/Movie/Game,657,10,1.230022831,21.55,Tue
Music/Movie/Game,657,10,7.38,7.38,Tue
Music/Movie/Game,657,10,4.918163672,6.159999999,Tue
Collectibles,664,3,20,20,Sat
Books,666,5,1.23,1.23,Thu
Clothing/Accessories,668,10,43.04222223,166.02,Tue
Home/Garden,670,7,1.766188748,9.829999999,Thu
Automotive,671,5,44.95,66.77,Sun
Automotive,671,5,44.95,61,Sun
Automotive,671,5,47.5,47.5,Sun
Automotive,671,5,47.5,47.5,Sun
Automotive,671,5,44.95,44.95,Sun
Automotive,671,5,44.95,44.95,Sun
Automotive,671,5,39.95,39.95,Sun
Automotive,671,5,39.95,39.95,Sun
Automotive,671,5,34.95,34.95,Sun
Music/Movie/Game,673,7,5,5,Sun
Home/Garden,678,10,8.5,41,Sun
Music/Movie/Game,681,3,2.45,2.45,Sat
Music/Movie/Game,686,7,6.5,27.17,Sat
Music/Movie/Game,686,7,6.5,22.67,Sat
Music/Movie/Game,686,7,6.5,13,Sat
Music/Movie/Game,686,7,6.5,11.67,Sat
Music/Movie/Game,686,7,6.5,9.99,Sat
Music/Movie/Game,686,7,9.5,9.5,Sat
Music/Movie/Game,686,7,9.5,9.5,Sat
Music/Movie/Game,686,7,9.5,9.5,Sat
Music/Movie/Game,686,7,9.5,9.5,Sat
Music/Movie/Game,686,7,9.5,9.5,Sat
Music/Movie/Game,686,7,6.5,7,Sat
Music/Movie/Game,686,7,6.5,6.5,Sat
Music/Movie/Game,686,7,6.5,6.5,Sat
Music/Movie/Game,686,7,6.5,6.5,Sat
Music/Movie/Game,686,7,6.5,6.5,Sat
Music/Movie/Game,686,7,6.5,6.5,Sat
Music/Movie/Game,686,7,6.5,6.5,Sat
Music/Movie/Game,686,7,6.5,6.5,Sat
Music/Movie/Game,686,7,6.5,6.5,Sat
Music/Movie/Game,686,7,6.5,6.5,Sat
Music/Movie/Game,686,7,6.5,6.5,Sat
Music/Movie/Game,686,7,6.5,6.5,Sat
Music/Movie/Game,686,7,6.5,6.5,Sat
Music/Movie/Game,686,7,6.5,6.5,Sat
Music/Movie/Game,686,7,6.5,6.5,Sat
Music/Movie/Game,686,7,6.5,6.5,Sat
Music/Movie/Game,686,7,6.5,6.5,Sat
Music/Movie/Game,686,7,6.5,6.5,Sat
Music/Movie/Game,686,7,6.5,6.5,Sat
Music/Movie/Game,686,7,6.5,6.5,Sat
Music/Movie/Game,686,7,6.5,6.5,Sat
Music/Movie/Game,686,7,6.5,6.5,Sat
Music/Movie/Game,686,7,6.5,6.5,Sat
Music/Movie/Game,686,7,6.5,6.5,Sat
Music/Movie/Game,686,7,6.5,6.5,Sat
Music/Movie/Game,686,7,6.5,6.5,Sat
Music/Movie/Game,686,7,6.5,6.5,Sat
Music/Movie/Game,686,7,6.5,6.5,Sat
Automotive,688,7,9.99,9.99,Sat
Collectibles,696,7,9.99,163,Sun
Collectibles,704,7,24.99,32.03,Mon
Collectibles,709,10,6.136180201,38.75999999,Fri
Automotive,715,5,39.5,39.5,Tue
Home/Garden,730,5,24.6,24.6,Tue
Home/Garden,730,5,11.07,23.37,Tue
Home/Garden,730,3,1.229579699,31.01000001,Sat
Home/Garden,739,3,2.446986971,15.1,Thu
Home/Garden,739,3,2.447187798,12.9,Sat
Jewelry,743,3,1,9.72,Sat
Jewelry,743,3,1,3.25,Sat
Collectibles,743,3,1,1,Sat
Music/Movie/Game,765,7,1.228,3.07,Sun
Jewelry,790,5,19.99,31,Mon
Jewelry,790,5,19.99,19.99,Mon
Jewelry,790,5,14.99,14.99,Mon
Automotive,793,3,0.99,0.99,Sat
Automotive,816,3,22,22,Sat
Automotive,816,5,29,29,Mon
Electronics,825,5,1.229760479,205.37,Mon
Clothing/Accessories,837,3,18.99,18.99,Sun
Home/Garden,841,3,29.99,29.99,Sat
Electronics,841,5,4.99,30,Mon
Music/Movie/Game,841,5,0.99,10.55,Mon
Music/Movie/Game,841,5,0.99,10.5,Mon
Music/Movie/Game,841,5,0.99,10,Mon
Music/Movie/Game,841,5,0.99,9.5,Mon
Music/Movie/Game,841,5,0.99,8,Mon
Music/Movie/Game,841,5,0.99,6.01,Mon
Music/Movie/Game,841,5,0.99,5.5,Mon
Music/Movie/Game,841,5,0.99,5.5,Mon
Music/Movie/Game,841,5,0.99,5.5,Mon
Music/Movie/Game,841,5,0.99,4.25,Mon
Music/Movie/Game,841,5,0.99,4.25,Mon
Music/Movie/Game,841,5,0.99,4,Mon
Music/Movie/Game,841,5,0.99,3.2,Mon
Music/Movie/Game,841,5,0.99,2.78,Mon
Home/Garden,841,5,0.99,2.2,Mon
Music/Movie/Game,841,5,0.99,0.99,Mon
Music/Movie/Game,841,5,0.99,0.99,Mon
Music/Movie/Game,841,5,0.99,0.99,Mon
Music/Movie/Game,841,5,0.99,0.99,Mon
Music/Movie/Game,841,5,0.99,0.99,Mon
Collectibles,843,10,4,6.05,Sat
Electronics,844,10,1.229735099,185.6899999,Fri
Clothing/Accessories,846,10,9.83840504,23.44000001,Wed
Clothing/Accessories,846,10,9.84,22.14,Wed
Music/Movie/Game,858,7,1.23,1.23,Mon
Collectibles,862,5,219,219,Sat
Computer,863,10,2.446179401,3.699999999,Fri
Books,865,10,1.23,1.23,Wed
Books,865,10,1.23,1.23,Wed
Books,865,10,1.23,1.23,Wed
Clothing/Accessories,865,5,1.23,1.23,Sat
Books,865,5,1.23,1.23,Fri
Collectibles,884,10,2.45,2.45,Mon
Collectibles,884,10,2.45,2.45,Mon
Music/Movie/Game,915,5,1.230027548,17.86,Fri
Collectibles,920,3,1.230145867,7.589999999,Fri
Home/Garden,933,1,19.99,51,Fri
Jewelry,942,5,12.29,12.29,Sun
Jewelry,945,7,4.99,4.99,Sun
Automotive,957,5,19.99,19.99,Tue
Automotive,957,5,15.99,15.99,Tue
Automotive,957,5,9.99,9.99,Tue
Collectibles,957,3,9.99,87.67,Sat
Clothing/Accessories,966,7,2.99,15.5,Fri
Jewelry,983,5,12.99,12.99,Mon
Collectibles,985,7,9.99,285,Sun
Collectibles,985,7,9.99,75,Sun
Collectibles,985,7,9.99,33.5,Sun
Collectibles,985,7,9.99,33.25,Sun
Collectibles,985,7,9.99,26,Sun
Collectibles,985,7,9.99,21.61,Sun
Collectibles,985,7,9.99,10.5,Sun
Collectibles,985,7,9.99,9.99,Sun
Collectibles,988,7,6.75,27.78,Mon
Pottery/Glass,993,7,159.99,159.99,Sat
Pottery/Glass,993,7,99.99,99.99,Sat
Pottery/Glass,993,7,99.99,99.99,Sat
Pottery/Glass,993,7,99.99,99.99,Sat
Pottery/Glass,993,7,99.99,99.99,Sat
Pottery/Glass,993,7,99.99,99.99,Sat
Pottery/Glass,993,7,79.99,80.99,Sat
Pottery/Glass,993,7,79.99,80.99,Sat
Pottery/Glass,993,7,79.99,79.99,Sat
Collectibles,993,7,199.99,199.99,Mon
Books,1029,7,8.905730081,219.52,Thu
Music/Movie/Game,1029,7,1.425882353,3.03,Thu
Music/Movie/Game,1029,7,1.252631579,1.7,Thu
Music/Movie/Game,1029,7,1.25,1.25,Thu
Music/Movie/Game,1029,7,1.25,1.25,Thu
Music/Movie/Game,1029,7,1.25,1.25,Thu
Music/Movie/Game,1029,7,1.25,1.25,Thu
Music/Movie/Game,1029,7,1.07,1.07,Thu
Music/Movie/Game,1029,7,1.07,1.07,Thu
Music/Movie/Game,1075,10,1.23,1.23,Thu
Clothing/Accessories,1100,3,9.99,86,Sun
Clothing/Accessories,1122,10,12.23426065,24.53,Sat
Jewelry,1124,3,2,2.5,Sun
Home/Garden,1127,5,9.99,9.99,Mon
Clothing/Accessories,1130,7,7.38,19.68,Tue
Clothing/Accessories,1130,10,4.92,17.22,Fri
Automotive,1131,10,100,100,Sun
Automotive,1135,3,9.99,202.5,Sun
Collectibles,1135,10,0.99,73.52,Sun
Jewelry,1139,5,11.01,11.01,Sun
Jewelry,1139,5,8.549999998,8.549999998,Sun
Jewelry,1139,3,12.23516747,12.85,Fri
Collectibles,1147,7,53.52,53.52,Thu
Music/Movie/Game,1148,3,1.766504348,20.52,Thu
Music/Movie/Game,1148,3,1.766914286,18.74,Thu
Music/Movie/Game,1148,3,1.76715,17.85,Thu
Music/Movie/Game,1148,3,1.76766756,6.659999999,Thu
Music/Movie/Game,1148,3,1.7685,3.929999999,Thu
Music/Movie/Game,1148,3,1.7685,3.929999999,Thu
Home/Garden,1162,5,9.99,177.5,Mon
Automotive,1163,7,24.99,24.99,Tue
Clothing/Accessories,1166,7,11.07,23.37,Wed
Clothing/Accessories,1166,7,6.135136757,18.43,Wed
Clothing/Accessories,1166,7,6.135136757,18.43,Tue
Clothing/Accessories,1166,7,6.135136757,18.43,Tue
Collectibles,1179,10,1.229888816,37.60999999,Wed
Collectibles,1179,10,1.22978529,26.92,Wed
Clothing/Accessories,1179,10,1.229714286,21.52000001,Wed
Collectibles,1179,7,1.229686342,49.78999999,Sun
Jewelry,1180,7,3.57,14.28,Thu
Jewelry,1180,7,3.56923077,11.6,Thu
Jewelry,1180,7,3.57090909,9.819999998,Thu
Books,1192,7,1,203.5,Mon
Music/Movie/Game,1215,5,14.99,14.99,Tue
Music/Movie/Game,1215,5,7.99,26,Mon
Music/Movie/Game,1215,5,7.99,7.99,Mon
Music/Movie/Game,1215,5,7.99,7.99,Mon
Music/Movie/Game,1215,5,7.99,7.99,Mon
Music/Movie/Game,1215,5,5.99,5.99,Mon
Books,1256,7,9.99,9.99,Sun
Collectibles,1256,7,9.99,9.99,Sun
Collectibles,1256,7,29.99,29.99,Mon
Collectibles,1265,5,9.99,9.99,Mon
Music/Movie/Game,1301,7,1.229934924,17.01,Sun
Music/Movie/Game,1301,7,1.230434783,5.660000002,Sun
Music/Movie/Game,1301,7,1.230769231,5.600000001,Sun
Music/Movie/Game,1301,5,1.23,4.92,Fri
Music/Movie/Game,1301,5,1.228,3.07,Fri
Music/Movie/Game,1301,5,1.23,1.23,Fri
Home/Garden,1304,7,23.5,23.5,Sun
Collectibles,1304,10,7.38,7.38,Fri
Collectibles,1304,10,7.38,7.38,Fri
Jewelry,1317,7,1,1,Mon
Jewelry,1322,7,0.99,12.83,Tue
Home/Garden,1329,10,6.025622492,30.62000001,Wed
Clothing/Accessories,1349,7,11.07,11.07,Thu
Clothing/Accessories,1351,5,1.229658428,44.27999999,Sun
Automotive,1364,7,134,134,Tue
Automotive,1364,7,128,128,Tue
Automotive,1364,7,128,128,Tue
Automotive,1364,7,117,117,Tue
Automotive,1364,7,90,90,Tue
Automotive,1364,7,89,89,Tue
Automotive,1364,7,42,42,Tue
Automotive,1364,7,35.99,35.99,Tue
Automotive,1364,5,108,108,Sun
Automotive,1364,5,89.95,89.95,Sun
Automotive,1364,5,85,85,Sun
Automotive,1364,5,83.95,83.95,Sun
Automotive,1364,5,65.95,65.95,Sun
Automotive,1364,5,30.95,30.95,Sun
Automotive,1364,7,132,135,Mon
Automotive,1364,7,76.5,76.5,Mon
Automotive,1364,7,18.99,18.99,Mon
Clothing/Accessories,1365,10,12.24,12.24,Wed
Clothing/Accessories,1365,10,12.24,12.24,Wed
Clothing/Accessories,1365,10,12.24,12.24,Wed
Clothing/Accessories,1365,10,11.01,11.01,Wed
Clothing/Accessories,1365,10,6.085685618,18.38,Tue
Clothing/Accessories,1365,10,6.085685618,18.38,Tue
Clothing/Accessories,1365,10,6.085685618,18.38,Tue
Clothing/Accessories,1365,10,12.24,12.24,Tue
Clothing/Accessories,1365,10,6.086174495,27.47999999,Thu
Clothing/Accessories,1365,10,12.24,12.24,Thu
Clothing/Accessories,1365,10,12.24,12.24,Thu
Clothing/Accessories,1365,10,12.24,12.24,Thu
Clothing/Accessories,1365,10,12.24,12.24,Thu
Clothing/Accessories,1365,10,12.24,12.24,Thu
Clothing/Accessories,1365,10,12.24,12.24,Sun
Clothing/Accessories,1365,10,9.779999998,9.779999998,Sun
Collectibles,1375,7,4.99,4.99,Sat
Collectibles,1386,3,0.25,4.75,Sat
Books,1386,10,1.228,3.07,Sat
Books,1386,10,1.23,1.23,Sat
Automotive,1390,7,14.26,14.26,Thu
Automotive,1390,7,14.26,14.26,Thu
Automotive,1390,7,8.909999999,8.909999999,Thu
Home/Garden,1402,7,3.07,3.07,Fri
Home/Garden,1405,10,2.447075821,49.78999999,Sun
Home/Garden,1405,10,2.447115716,28.47999999,Sun
Home/Garden,1405,10,2.446976255,40.91,Mon
Home/Garden,1405,10,2.447042003,27.52000001,Mon
Home/Garden,1405,10,2.4477,22.14,Mon
Home/Garden,1405,10,2.447013792,17.82999999,Mon
Home/Garden,1405,5,3.99,10.5,Mon
Home/Garden,1405,10,2.446243903,10.08,Mon
Computer,1405,5,9.99,9.99,Mon
Books,1464,7,3.99,3.99,Sun
Music/Movie/Game,1515,7,1.23,1.23,Mon
Collectibles,1540,7,9.99,26,Sun
Collectibles,1545,10,2.447627031,23.48000001,Wed
Collectibles,1545,10,2.4477,3.69,Wed
Collectibles,1545,10,2.447523778,37.49999999,Tue
Collectibles,1545,10,2.447503525,8.719999997,Tue
Collectibles,1545,10,2.446327587,7.130000001,Tue
Collectibles,1545,10,2.445488889,5.530000001,Tue
Collectibles,1545,10,2.4477,3.69,Tue
Collectibles,1545,10,2.45,2.45,Thu
Collectibles,1545,10,2.446752382,12.91000001,Mon
Collectibles,1545,10,2.446752382,12.91000001,Mon
Collectibles,1545,10,2.446652631,11.68,Mon
Collectibles,1545,10,2.4477,9.84,Mon
Collectibles,1545,10,2.446373333,9.219999998,Mon
Collectibles,1545,10,2.446373333,9.219999998,Mon
Collectibles,1545,10,2.447963576,7.429999998,Mon
Collectibles,1545,10,2.4477,6.15,Mon
Collectibles,1545,10,2.4477,6.15,Mon
Collectibles,1545,10,2.4477,6.15,Mon
Collectibles,1545,10,2.449735973,3.729999999,Mon
Collectibles,1545,10,2.44372,3.07,Mon
Collectibles,1545,10,2.445542169,3.060000001,Mon
Collectibles,1545,10,2.45,2.45,Mon
Collectibles,1545,10,2.45,2.45,Mon
Collectibles,1545,10,2.446652631,11.68,Fri
Collectibles,1545,10,2.448320952,8.280000002,Fri
Electronics,1550,7,1.23,2.46,Wed
Electronics,1550,7,1.23,2.46,Wed
Electronics,1550,7,1.23,2.46,Sat
Electronics,1550,7,1.226666667,1.840000001,Sat
Electronics,1550,7,1.23,1.23,Sat
Electronics,1550,7,1.226666667,1.840000001,Mon
Electronics,1550,7,1.226666667,1.840000001,Fri
Electronics,1550,7,1.226666667,1.840000001,Fri
Electronics,1550,7,1.226666667,1.840000001,Fri
Books,1553,10,1.829999999,1.829999999,Tue
Books,1553,10,1.71,1.71,Tue
Books,1560,7,9.99,256,Tue
Clothing/Accessories,1581,7,1.22971831,87.31000001,Thu
Pottery/Glass,1602,7,9.99,20.5,Mon
Home/Garden,1620,10,9.95,60,Mon
Music/Movie/Game,1634,10,6.140000001,6.140000001,Wed
Music/Movie/Game,1634,10,4.903266667,5.530000001,Wed
Music/Movie/Game,1634,10,7.369999998,7.369999998,Mon
Music/Movie/Game,1634,10,6.140000001,6.140000001,Mon
Home/Garden,1635,10,1.22971831,87.31000001,Wed
Home/Garden,1635,10,1.229836066,37.51000001,Wed
Home/Garden,1635,10,1.229787234,34.68,Wed
Home/Garden,1635,10,1.229787234,34.68,Wed
Home/Garden,1635,10,1.22972973,33.67000001,Fri
Music/Movie/Game,1645,10,1.23,1.23,Sun
Music/Movie/Game,1645,10,1.23,1.23,Sun
Music/Movie/Game,1647,5,9.95,36,Mon
Music/Movie/Game,1647,5,9.95,32.51,Mon
Music/Movie/Game,1647,5,9.95,20.5,Mon
Music/Movie/Game,1647,5,9.95,19.59,Mon
Music/Movie/Game,1647,5,9.95,18.86,Mon
Music/Movie/Game,1647,5,9.95,18.25,Mon
Music/Movie/Game,1647,5,9.95,13.95,Mon
Music/Movie/Game,1647,5,9.95,10.45,Mon
Clothing/Accessories,1661,7,12.28385192,24.57999999,Wed
Clothing/Accessories,1661,7,1.230113636,4.329999999,Wed
Books,1719,7,11.06586826,12.32,Sun
Books,1719,1,11.93050762,24.23000001,Sat
Collectibles,1779,1,24.99,24.99,Fri
Pottery/Glass,1809,7,4.99,4.99,Sun
Books,1809,7,3.99,3.99,Sun
Music/Movie/Game,1842,10,1.767255319,8.39,Thu
Music/Movie/Game,1842,10,5.349999999,5.349999999,Thu
Music/Movie/Game,1842,10,5.349999999,5.349999999,Thu
Music/Movie/Game,1853,10,6.15,6.15,Tue
Collectibles,1853,10,1.23,1.23,Tue
Collectibles,1853,10,1.23,1.23,Tue
Collectibles,1853,10,1.23,1.23,Tue
Music/Movie/Game,1853,7,12.3,12.3,Fri
Collectibles,1853,7,6.15,6.15,Fri
Collectibles,1853,7,6.15,6.15,Fri
Music/Movie/Game,1853,7,6.15,6.15,Fri
Music/Movie/Game,1853,7,3.685714287,4.300000002,Fri
Music/Movie/Game,1853,7,3.685714287,4.300000002,Fri
Automotive,1922,5,6.99,6.99,Mon
Automotive,1948,7,19.95,157.54,Fri
Collectibles,1954,7,1.766522911,6.620000001,Thu
Clothing/Accessories,2016,5,6.14814815,49.80000002,Sat
Clothing/Accessories,2016,7,9.159999997,9.159999997,Sat
Clothing/Accessories,2016,5,6.086065575,7.500000002,Mon
Clothing/Accessories,2016,5,6.024697985,18.31999999,Fri
Clothing/Accessories,2016,5,3.56681128,17.01,Fri
Clothing/Accessories,2038,5,2.447445863,22.15,Tue
Jewelry,2046,5,19.95,25,Sat
Jewelry,2046,5,19.95,19.95,Sat
Jewelry,2046,7,19.95,19.95,Mon
Jewelry,2046,7,19.95,19.95,Mon
Jewelry,2046,7,19.95,19.95,Mon
Jewelry,2046,5,19.95,19.95,Fri
Jewelry,2046,7,17.95,17.95,Fri
Jewelry,2046,7,17.95,17.95,Fri
Jewelry,2046,7,17.95,17.95,Fri
Jewelry,2046,7,17.95,17.95,Fri
Collectibles,2046,5,7.5,9.5,Fri
Collectibles,2046,5,7.5,9.01,Fri
Collectibles,2046,5,7.5,8,Fri
Collectibles,2046,5,7.5,7.5,Fri
Collectibles,2046,5,7.5,7.5,Fri
Collectibles,2046,5,7.5,7.5,Fri
Collectibles,2046,5,7.5,7.5,Fri
Collectibles,2046,5,7.5,7.5,Fri
Collectibles,2046,5,7.5,7.5,Fri
Collectibles,2046,5,7.5,7.5,Fri
Collectibles,2046,5,7.5,7.5,Fri
Collectibles,2089,3,0.99,22.5,Sun
Electronics,2132,5,7.99,7.99,Tue
Music/Movie/Game,2162,7,1.23,1.23,Thu
Music/Movie/Game,2162,7,1.23,1.23,Thu
Automotive,2162,5,1.99,2.24,Sun
Books,2163,10,1.226666667,1.840000001,Tue
Collectibles,2163,10,1.23,1.23,Fri
Jewelry,2168,7,4.857098121,29.45,Wed
Jewelry,2168,7,11.06865671,41.19999999,Tue
Collectibles,2168,7,11.06859206,20.44,Tue
Jewelry,2168,7,4.857098121,29.45,Thu
Jewelry,2168,3,12.23426065,24.53,Thu
Jewelry,2168,7,11.07,11.07,Thu
Jewelry,2168,7,8.61,8.61,Thu
Jewelry,2168,7,6.0885,24.6,Sun
Jewelry,2168,7,11.00688946,23.91999999,Sun
Jewelry,2168,7,13.47,13.47,Sun
Home/Garden,2168,3,0.99,28,Sat
Jewelry,2168,7,8.608000002,21.52000001,Sat
Home/Garden,2168,3,11.99,11.99,Sat
Jewelry,2168,7,11.05514226,11.67,Sat
Jewelry,2168,7,11.00443182,27.05000001,Mon
Jewelry,2168,5,12.23426065,24.53,Mon
Jewelry,2168,7,1.229565217,14.14,Mon
Jewelry,2168,7,11.0067451,31.36000001,Fri
Jewelry,2168,7,6.086023723,23.84,Fri
Jewelry,2168,7,3.628841699,15.93,Fri
Home/Garden,2169,3,9.99,9.99,Sun
Home/Garden,2169,3,9.99,9.99,Sun
Collectibles,2179,5,6.99,9,Sun
Collectibles,2179,5,6.99,6.99,Sun
Collectibles,2179,5,6.99,6.99,Sun
Collectibles,2179,5,6.99,6.99,Sun
Collectibles,2179,5,6.99,6.99,Sun
Collectibles,2179,5,6.99,6.99,Sun
Jewelry,2189,7,5.349999999,5.349999999,Thu
Books,2191,7,50,50,Tue
Books,2191,5,10.99,10.99,Sun
Books,2191,7,50,56,Mon
Books,2191,7,5.99,5.99,Mon
Collectibles,2220,3,0.99,169.87,Sat
Collectibles,2220,3,0.99,115.27,Sat
Collectibles,2220,3,0.99,48,Sat
Collectibles,2220,3,0.99,40.56,Sat
Collectibles,2220,3,0.99,36.55,Sat
Collectibles,2220,3,0.99,34.06,Sat
Collectibles,2220,3,0.99,33.14,Sat
Collectibles,2220,5,0.99,14.5,Mon
Collectibles,2220,5,0.99,0.99,Mon
Music/Movie/Game,2286,7,9.95,9.95,Mon
Music/Movie/Game,2286,7,9.95,9.95,Mon
Music/Movie/Game,2286,7,9.95,9.95,Mon
Collectibles,2319,7,5.99,10.01,Mon
Electronics,2358,5,9.99,222.5,Mon
Electronics,2358,5,199.99,202.5,Mon
Electronics,2358,5,9.99,167.5,Mon
Electronics,2358,5,9.99,114.5,Mon
Electronics,2358,5,9.99,86,Mon
Electronics,2358,5,79.99,79.99,Mon
Electronics,2358,5,9.99,42.77,Mon
Computer,2382,10,2.45,2.45,Sun
Music/Movie/Game,2404,10,1.23,1.23,Sat
Automotive,2427,3,38.99,38.99,Sun
Automotive,2427,3,38.99,38.99,Sun
Automotive,2427,3,38.99,38.99,Sun
Automotive,2427,3,33.95,38.95,Sun
Automotive,2427,3,33.95,33.95,Sun
Automotive,2427,3,33.95,33.95,Sun
Automotive,2427,3,33.95,33.95,Sat
Automotive,2433,3,22,22.5,Fri
Automotive,2433,3,18,18,Fri
Music/Movie/Game,2638,10,1.23,2.46,Tue
Music/Movie/Game,2638,10,1.23,1.23,Tue
Music/Movie/Game,2638,10,1.23,1.23,Tue
Music/Movie/Game,2638,10,1.23,1.23,Tue
Music/Movie/Game,2638,10,1.23,1.23,Mon
Collectibles,2695,7,3,3.25,Sat
Collectibles,2695,7,2,2.75,Sat
Collectibles,2695,7,2,2,Sat
Collectibles,2695,7,2,2,Sat
Collectibles,2695,7,2,2,Sat
Collectibles,2695,7,0.99,1.25,Sat
Collectibles,2695,7,0.99,0.99,Sat
Collectibles,2695,7,0.99,0.99,Sat
Collectibles,2695,7,0.99,0.99,Sat
Collectibles,2695,7,0.99,0.99,Sat
Collectibles,2695,7,2,2,Fri
Collectibles,2695,7,0.99,0.99,Fri
Collectibles,2696,7,5,11.12,Mon
Collectibles,2696,7,5,5,Mon
Collectibles,2696,7,3,3,Mon
Collectibles,2696,7,2,2.34,Mon
Collectibles,2696,7,2,2,Mon
Computer,2711,5,0.99,11.5,Sat
Books,2731,7,2.65965,3.57,Thu
Books,2731,7,2.66,2.66,Thu
Collectibles,2760,10,0.99,62.99,Sat
Clothing/Accessories,2944,7,24.99,60,Tue
Collectibles,2944,7,24.99,24.99,Tue
Pottery/Glass,2944,7,7.5,7.5,Tue
Electronics,2956,3,0.1,81.55,Fri
Music/Movie/Game,2991,7,0.535451613,55.33000001,Thu
Clothing/Accessories,2991,7,0.535304348,20.52,Thu
Music/Movie/Game,2991,7,0.535636364,9.819999998,Thu
Music/Movie/Game,2991,7,0.535135135,6.600000001,Thu
Home/Garden,2991,7,1.766875,2.57,Thu
Clothing/Accessories,2991,7,1.77,1.77,Thu
Music/Movie/Game,2991,7,1.77,1.77,Thu
Home/Garden,2991,7,0.534545455,0.98,Thu
Automotive,2992,5,199,229.5,Sun
Automotive,2992,5,82.95,93,Sun
Automotive,2992,5,82.95,86,Sun
Automotive,2992,5,82.95,82.95,Sun
Automotive,2992,5,65,74,Sun
Automotive,2992,3,169,169,Fri
Automotive,2992,3,119,122.5,Fri
Automotive,2992,3,119,121.5,Fri
Automotive,2992,3,99.95,99.95,Fri
Automotive,2992,3,99.95,99.95,Fri
Automotive,2992,3,89.95,99.09,Fri
Automotive,2992,3,95,95,Fri
Automotive,2992,3,89.95,89.95,Fri
Automotive,2992,3,89.95,89.95,Fri
Automotive,2992,3,89.95,89.95,Fri
Automotive,2992,3,89.95,89.95,Fri
Automotive,2992,3,89.95,89.95,Fri
Automotive,2992,3,79,79,Fri
Automotive,2992,3,59.95,59.95,Fri
Automotive,2992,3,49.95,49.95,Fri
Music/Movie/Game,2993,7,9.99,26,Tue
Music/Movie/Game,2993,7,9.99,9.99,Tue
Music/Movie/Game,2993,7,6.99,6.99,Tue
Music/Movie/Game,2993,7,14.99,27.17,Fri
Music/Movie/Game,2993,7,14.99,21.49,Fri
Music/Movie/Game,2993,7,19.99,19.99,Fri
Music/Movie/Game,2993,7,14.99,17.51,Fri
Music/Movie/Game,2993,7,14.99,14.99,Fri
Music/Movie/Game,3004,7,59.99,66,Sun
Music/Movie/Game,3004,7,59.99,63,Sun
Music/Movie/Game,3004,7,39.99,63,Sun
Music/Movie/Game,3004,7,34.99,51,Sun
Music/Movie/Game,3004,7,49.99,49.99,Sun
Music/Movie/Game,3004,7,44.99,44.99,Sun
Music/Movie/Game,3004,7,34.99,44.01,Sun
Music/Movie/Game,3004,7,34.99,40,Sun
Music/Movie/Game,3004,7,34.99,36.99,Sun
Music/Movie/Game,3004,7,34.99,34.99,Sun
Music/Movie/Game,3004,7,34.99,34.99,Sun
Music/Movie/Game,3004,7,34.99,34.99,Sun
Music/Movie/Game,3004,7,34.99,34.99,Sun
Music/Movie/Game,3004,7,24.99,24.99,Sun
Music/Movie/Game,3057,10,1.229508197,3.750000001,Mon
Music/Movie/Game,3057,10,1.23,1.23,Mon
Automotive,3114,3,1.99,1.99,Sat
Automotive,3115,7,0.01,2.31,Tue
Automotive,3115,7,0.01,0.01,Tue
Automotive,3115,7,0.01,0.01,Tue
Automotive,3115,7,0.01,0.01,Tue
Automotive,3115,7,0.01,0.01,Tue
Automotive,3115,7,0.01,0.01,Tue
Automotive,3115,7,0.01,0.01,Tue
Music/Movie/Game,3227,7,6.99,6.99,Sun
Music/Movie/Game,3227,7,4.99,4.99,Sun
Music/Movie/Game,3227,7,4.99,4.99,Sat
Music/Movie/Game,3227,7,9.99,12.26,Mon
Music/Movie/Game,3227,7,5.99,5.99,Mon
Automotive,3246,3,67.95,67.95,Sat
Music/Movie/Game,3249,5,0.01,27,Mon
Music/Movie/Game,3249,5,0.01,18.5,Mon
Music/Movie/Game,3249,5,0.01,18,Mon
Music/Movie/Game,3249,5,0.01,15.5,Mon
Music/Movie/Game,3249,5,0.01,11.71,Mon
Music/Movie/Game,3249,5,0.01,11.55,Mon
Music/Movie/Game,3249,5,0.01,10.5,Mon
Music/Movie/Game,3249,5,0.01,10.5,Mon
Music/Movie/Game,3249,5,0.01,10.5,Mon
Music/Movie/Game,3249,5,0.01,10,Mon
Music/Movie/Game,3249,5,0.01,10,Mon
Music/Movie/Game,3249,5,0.01,9.99,Mon
Music/Movie/Game,3249,5,0.01,9.5,Mon
Music/Movie/Game,3249,5,0.01,9.39,Mon
Music/Movie/Game,3249,5,0.01,8.5,Mon
Music/Movie/Game,3249,5,0.01,8.5,Mon
Music/Movie/Game,3249,5,0.01,8.49,Mon
Music/Movie/Game,3249,5,0.01,8.26,Mon
Music/Movie/Game,3249,5,0.01,8.05,Mon
Music/Movie/Game,3249,5,0.01,8.05,Mon
Music/Movie/Game,3249,5,0.01,8.01,Mon
Music/Movie/Game,3249,5,0.01,7.55,Mon
Music/Movie/Game,3249,5,0.01,7.51,Mon
Music/Movie/Game,3249,5,0.01,7.5,Mon
Music/Movie/Game,3249,5,0.01,7.5,Mon
Music/Movie/Game,3249,5,0.01,7.5,Mon
Music/Movie/Game,3249,5,0.01,7.05,Mon
Music/Movie/Game,3249,5,0.01,7,Mon
Music/Movie/Game,3249,5,0.01,7,Mon
Music/Movie/Game,3249,5,0.01,7,Mon
Music/Movie/Game,3249,5,0.01,6.71,Mon
Music/Movie/Game,3249,5,0.01,6.55,Mon
Music/Movie/Game,3249,5,0.01,6.5,Mon
Music/Movie/Game,3249,5,0.01,6.5,Mon
Music/Movie/Game,3249,5,0.01,6.5,Mon
Music/Movie/Game,3249,5,0.01,6.5,Mon
Music/Movie/Game,3249,5,0.01,6.18,Mon
Music/Movie/Game,3249,5,0.01,6.15,Mon
Music/Movie/Game,3249,5,0.01,6.01,Mon
Music/Movie/Game,3249,5,0.01,6,Mon
Music/Movie/Game,3249,5,0.01,5.52,Mon
Music/Movie/Game,3249,5,0.01,5.52,Mon
Music/Movie/Game,3249,5,0.01,5.5,Mon
Music/Movie/Game,3249,5,0.01,5.5,Mon
Music/Movie/Game,3249,5,0.01,5.5,Mon
Music/Movie/Game,3249,5,0.01,5.01,Mon
Music/Movie/Game,3249,5,0.01,5,Mon
Music/Movie/Game,3249,5,0.01,5,Mon
Music/Movie/Game,3249,5,0.01,4.9,Mon
Music/Movie/Game,3249,5,0.01,4.75,Mon
Music/Movie/Game,3249,5,0.01,4.54,Mon
Music/Movie/Game,3249,5,0.01,4.4,Mon
Music/Movie/Game,3249,5,0.01,4.31,Mon
Music/Movie/Game,3249,5,0.01,4.29,Mon
Music/Movie/Game,3249,5,0.01,4.25,Mon
Music/Movie/Game,3249,5,0.01,4.25,Mon
Music/Movie/Game,3249,5,0.01,4.25,Mon
Music/Movie/Game,3249,5,0.01,4.25,Mon
Music/Movie/Game,3249,5,0.01,4.17,Mon
Music/Movie/Game,3249,5,0.01,3.84,Mon
Music/Movie/Game,3249,5,0.01,3.8,Mon
Music/Movie/Game,3249,5,0.01,3.8,Mon
Music/Movie/Game,3249,5,0.01,3.76,Mon
Music/Movie/Game,3249,5,0.01,3.75,Mon
Music/Movie/Game,3249,5,0.01,3.75,Mon
Music/Movie/Game,3249,5,0.01,3.55,Mon
Music/Movie/Game,3249,5,0.01,3.5,Mon
Music/Movie/Game,3249,5,0.01,3.36,Mon
Music/Movie/Game,3249,5,0.01,3.31,Mon
Music/Movie/Game,3249,5,0.01,3.3,Mon
Music/Movie/Game,3249,5,0.01,3.27,Mon
Music/Movie/Game,3249,5,0.01,3.26,Mon
Music/Movie/Game,3249,5,0.01,3.25,Mon
Music/Movie/Game,3249,5,0.01,3.25,Mon
Music/Movie/Game,3249,5,0.01,3.25,Mon
Music/Movie/Game,3249,5,0.01,3.25,Mon
Music/Movie/Game,3249,5,0.01,3.08,Mon
Music/Movie/Game,3249,5,0.01,3.06,Mon
Music/Movie/Game,3249,5,0.01,3.01,Mon
Music/Movie/Game,3249,5,0.01,3,Mon
Music/Movie/Game,3249,5,0.01,3,Mon
Music/Movie/Game,3249,5,0.01,2.8,Mon
Music/Movie/Game,3249,5,0.01,2.33,Mon
Music/Movie/Game,3249,5,0.01,2.3,Mon
Music/Movie/Game,3249,5,0.01,2.25,Mon
Music/Movie/Game,3249,5,0.01,2.25,Mon
Music/Movie/Game,3249,5,0.01,2.13,Mon
Music/Movie/Game,3249,5,0.01,2.05,Mon
Music/Movie/Game,3249,5,0.01,2,Mon
Music/Movie/Game,3249,5,0.01,2,Mon
Music/Movie/Game,3249,5,0.01,2,Mon
Music/Movie/Game,3249,5,0.01,1.75,Mon
Music/Movie/Game,3249,5,0.01,1.58,Mon
Music/Movie/Game,3249,5,0.01,1.5,Mon
Music/Movie/Game,3249,5,0.01,1.37,Mon
Music/Movie/Game,3249,5,0.01,1.32,Mon
Music/Movie/Game,3249,5,0.01,1.32,Mon
Music/Movie/Game,3249,5,0.01,1.3,Mon
Music/Movie/Game,3249,5,0.01,1.29,Mon
Music/Movie/Game,3249,5,0.01,1.25,Mon
Music/Movie/Game,3249,5,0.01,1.25,Mon
Music/Movie/Game,3249,5,0.01,1.25,Mon
Music/Movie/Game,3249,5,0.01,1.25,Mon
Music/Movie/Game,3249,5,0.01,1.05,Mon
Music/Movie/Game,3249,5,0.01,0.55,Mon
Music/Movie/Game,3249,5,0.01,0.55,Mon
Music/Movie/Game,3249,5,0.01,0.21,Mon
Music/Movie/Game,3249,5,0.01,0.17,Mon
Music/Movie/Game,3249,5,0.01,0.17,Mon
Music/Movie/Game,3249,5,0.01,0.11,Mon
Music/Movie/Game,3249,5,0.01,0.1,Mon
Music/Movie/Game,3249,5,0.01,0.06,Mon
Music/Movie/Game,3249,5,0.01,0.01,Mon
Music/Movie/Game,3249,5,0.01,0.01,Mon
Music/Movie/Game,3249,5,0.01,0.01,Mon
Music/Movie/Game,3249,5,0.01,0.01,Mon
Music/Movie/Game,3249,5,0.01,0.01,Mon
Music/Movie/Game,3249,5,0.01,0.01,Mon
Music/Movie/Game,3249,5,0.01,0.01,Mon
Music/Movie/Game,3249,5,0.01,0.01,Mon
Music/Movie/Game,3249,5,0.01,0.01,Mon
Music/Movie/Game,3249,5,0.01,0.01,Mon
Music/Movie/Game,3249,5,0.01,0.01,Mon
Music/Movie/Game,3249,5,0.01,0.01,Mon
Music/Movie/Game,3249,5,0.01,0.01,Mon
Music/Movie/Game,3249,5,0.01,0.01,Mon
Music/Movie/Game,3249,5,0.01,0.01,Mon
Music/Movie/Game,3249,5,0.01,0.01,Mon
Music/Movie/Game,3277,3,9,33.56,Sun
Collectibles,3277,3,7,7,Sun
Music/Movie/Game,3277,3,2,2.8,Sun
Music/Movie/Game,3277,3,2,2,Sun
Music/Movie/Game,3306,7,14.99,14.99,Sun
Collectibles,3325,3,9.99,86.04,Sat
Clothing/Accessories,3375,10,2.46,14.76,Thu
Clothing/Accessories,3375,10,12.3,12.3,Thu
Computer,3375,10,1.23,1.23,Thu
Computer,3375,10,1.23,1.23,Thu
Collectibles,3385,7,11.99,38.5,Sat
Collectibles,3385,7,11.99,16.56,Sat
Collectibles,3385,7,9.99,15.55,Sat
Collectibles,3385,7,11.99,13.05,Sat
Collectibles,3385,7,11.99,13,Sat
Collectibles,3385,7,11.99,11.99,Sat
Collectibles,3385,7,11.99,11.99,Sat
Collectibles,3385,7,11.99,11.99,Sat
Collectibles,3385,7,11.99,11.99,Sat
Collectibles,3385,7,11.99,11.99,Sat
Collectibles,3385,7,11.95,11.95,Sat
Collectibles,3385,7,9.99,9.99,Sat
Collectibles,3385,7,9.99,9.99,Sat
Collectibles,3385,7,9.42,9.42,Sat
Collectibles,3385,7,2.99,6.5,Sat
Collectibles,3385,7,2.99,5.5,Sat
Collectibles,3385,7,2.99,5.5,Sat
Collectibles,3385,7,2.99,2.99,Sat
Home/Garden,3613,7,8.99,31.59,Sun
Collectibles,3613,7,9.99,19.49,Sun
Home/Garden,3613,7,12.99,16.01,Sun
Home/Garden,3613,7,14.99,14.99,Sun
Collectibles,3613,7,9.99,9.99,Sun
Clothing/Accessories,3613,7,8.99,8.99,Sun
Home/Garden,3613,7,8.99,8.99,Sun
Home/Garden,3613,7,6.99,8.01,Sun
Home/Garden,3613,7,7.99,7.99,Sun
Home/Garden,3613,7,7.99,7.99,Sun
Books,3613,7,3.99,7.5,Sun
Clothing/Accessories,3613,7,6.99,6.99,Sun
Collectibles,3613,7,6.99,6.99,Sun
Books,3613,7,3.99,4.25,Sun
Clothing/Accessories,3613,7,3.99,3.99,Sun
Collectibles,3613,7,3.99,3.99,Sun
Home/Garden,3613,7,3.99,3.99,Sun
Home/Garden,3613,7,3.99,3.99,Sun
Pottery/Glass,3613,7,3.99,3.99,Sun
Books,3613,7,2.99,2.99,Sun
Books,3864,7,4.99,10.5,Tue
Books,3864,7,3.99,4.24,Tue
Books,3864,7,2.99,9.59,Mon
Books,3864,7,5.99,6.49,Mon
Computer,3896,1,1,230,Fri
Music/Movie/Game,3955,5,5.99,5.99,Mon
Computer,4028,5,19.95,19.95,Mon
Clothing/Accessories,4153,10,3.68909091,40.58000001,Sat
Clothing/Accessories,4153,10,2.459833796,35.52000001,Sat
Home/Garden,4366,7,2.445890909,6.76,Fri
Collectibles,4397,7,4.99,4.99,Sat
Collectibles,4397,7,4.5,4.5,Sat
Collectibles,4397,7,4.99,4.99,Fri
Home/Garden,4398,3,24.99,24.99,Sun
Collectibles,4398,5,5.99,5.99,Sun
Collectibles,4398,5,5.5,5.5,Sun
Automotive,4457,7,35,35,Tue
Automotive,4457,7,32,32,Mon
Automotive,4457,3,15,15,Fri
Jewelry,4556,5,5,26,Sat
Clothing/Accessories,4641,10,6.136093834,67.61999998,Thu
Collectibles,4680,7,3.675927636,15.97,Tue
Collectibles,4680,7,12.29,12.29,Tue
Computer,4790,7,0.99,0.99,Tue
Music/Movie/Game,5017,3,9.99,10.49,Sat
Music/Movie/Game,5017,3,9.99,9.99,Sat
Music/Movie/Game,5052,10,11.06616182,30.84999999,Wed
Music/Movie/Game,5202,7,5,5,Mon
Collectibles,5257,3,16.95,31,Sat
Collectibles,5257,3,27.95,27.95,Sat
Collectibles,5257,3,14.99,15.5,Sat
Collectibles,5257,3,14.99,14.99,Sat
Collectibles,5257,3,12.99,12.99,Sat
Collectibles,5257,3,10.99,10.99,Sat
Collectibles,5257,3,16.99,16.99,Fri
Collectibles,5257,3,16.99,16.99,Fri
Collectibles,5257,3,14.99,14.99,Fri
Collectibles,5257,3,14.99,14.99,Fri
Collectibles,5257,3,10.99,10.99,Fri
Collectibles,5257,3,10.99,10.99,Fri
Pottery/Glass,5292,7,1.78,1.78,Thu
Pottery/Glass,5292,7,1.78,1.78,Thu
Home/Garden,5350,7,2.45,2.45,Sat
Home/Garden,5350,7,2.45,2.45,Mon
Home/Garden,5350,5,2.44372,3.07,Fri
Clothing/Accessories,5450,7,9.99,9.99,Sat
Clothing/Accessories,5450,7,9.99,9.99,Sat
Clothing/Accessories,5450,7,9.99,9.99,Fri
Home/Garden,5701,10,11.07,11.07,Wed
Music/Movie/Game,5701,10,1.23,11.07,Wed
Electronics,5701,10,2.4477,3.69,Wed
Home/Garden,5701,10,1.23,1.23,Wed
Home/Garden,5701,10,1.2296,15.37,Tue
Electronics,5701,10,2.445890909,6.76,Tue
Home/Garden,5701,10,1.23,1.23,Tue
Home/Garden,5701,10,7.378333332,44.26999999,Sun
Electronics,5701,10,2.448805556,4.430000002,Sun
Music/Movie/Game,5701,10,2.45,2.45,Sun
Music/Movie/Game,5701,10,2.45,2.45,Sun
Collectibles,5701,10,1.23,1.23,Sun
Music/Movie/Game,5701,10,1.23,1.23,Sun
Music/Movie/Game,5701,10,1.23,1.23,Sun
Music/Movie/Game,5701,10,1.23,1.23,Sun
Music/Movie/Game,5701,10,1.23,1.23,Sun
Home/Garden,5701,10,2.459701492,41.19999999,Mon
Electronics,5701,10,1.229956793,25.62,Mon
Jewelry,5701,10,3.6777,19.68,Mon
Home/Garden,5701,10,11.07,11.07,Mon
Home/Garden,5701,10,11.07,11.07,Mon
Jewelry,5701,10,11.07,11.07,Mon
Jewelry,5701,10,1.229090909,6.76,Mon
Automotive,5701,10,2.45,2.45,Mon
Electronics,5701,10,2.45,2.45,Mon
Music/Movie/Game,5701,10,1.226666667,1.840000001,Mon
Music/Movie/Game,5701,10,1.23,1.23,Mon
Music/Movie/Game,5701,10,1.23,1.23,Mon
Home/Garden,5701,10,11.06833713,48.59000001,Fri
Home/Garden,5701,5,7.378333332,44.26999999,Fri
Home/Garden,5701,10,11.07,11.07,Fri
Music/Movie/Game,5701,10,1.22923588,3.699999999,Fri
Electronics,5701,10,2.45,2.45,Fri
Collectibles,5703,10,0.5,9.57,Sun
Pottery/Glass,5721,3,4.15,4.15,Sat
Jewelry,5769,10,11.06526316,11.68,Sat
Music/Movie/Game,5811,3,14.92,14.92,Sat
Music/Movie/Game,5812,5,15.92,15.92,Tue
Music/Movie/Game,5812,5,12.92,12.92,Tue
Collectibles,6586,3,19.99,25.49,Sat
Music/Movie/Game,6621,10,4.904072727,6.76,Tue
Collectibles,6787,7,16.99,56,Sun
Automotive,6904,1,8.87,8.87,Fri
Automotive,8101,3,9.99,51,Sun
Automotive,8101,3,0.99,30.99,Sun
Collectibles,9003,7,2.99,2.99,Sun
Collectibles,9003,7,3.99,3.99,Sat
Home/Garden,9003,7,3.99,3.99,Sat
Music/Movie/Game,9003,7,7.49,26,Mon
Automotive,9003,7,9.99,9.99,Mon
Jewelry,9003,7,9.99,9.99,Mon
Music/Movie/Game,9003,7,4.99,5.24,Mon
Music/Movie/Game,9003,7,4.99,4.99,Mon
Music/Movie/Game,9003,7,4.99,4.99,Mon
Music/Movie/Game,9003,7,4.99,4.99,Mon
Music/Movie/Game,9003,7,4.99,4.99,Mon
Music/Movie/Game,9003,7,3.99,3.99,Mon
Music/Movie/Game,9003,7,3.99,3.99,Mon
Music/Movie/Game,9003,7,3.99,3.99,Mon
Jewelry,9003,7,3.89,3.89,Mon
Jewelry,9003,7,9.99,11.51,Fri
Music/Movie/Game,9003,7,7.49,10.55,Fri
Computer,9003,7,9.99,9.99,Fri
Music/Movie/Game,9003,7,3.99,5.51,Fri
Electronics,9747,5,25,25,Tue
Automotive,10067,3,57,57,Sat
Automotive,10067,3,39.5,39.5,Sat
Automotive,10067,3,21,21,Sat
Automotive,10067,3,21,21,Sat
Automotive,10067,3,19.5,19.5,Sat
Automotive,10067,3,18,18.5,Sat
Automotive,10067,3,18,18,Sat
Automotive,10067,3,15,15,Sat
Automotive,10067,3,12.99,12.99,Sat
Automotive,10067,3,12.5,12.5,Sat
Automotive,10067,3,8.5,8.5,Sat
Automotive,10067,3,6,6,Sat
Automotive,10067,3,49.99,49.99,Fri
Automotive,10067,3,43.5,43.5,Fri
Automotive,10067,3,43.5,43.5,Fri
Automotive,10067,3,37.95,37.95,Fri
Automotive,10067,3,24.95,24.95,Fri
Automotive,10067,3,23,23.5,Fri
Automotive,10067,3,21,21,Fri
Automotive,10067,3,21,21,Fri
Automotive,10067,3,21,21,Fri
Automotive,10067,3,21,21,Fri
Automotive,10067,3,19,19.5,Fri
Automotive,10067,3,18.99,18.99,Fri
Automotive,10067,3,16.5,16.5,Fri
Automotive,10067,3,12,12,Fri
Automotive,10067,3,12,12,Fri
Automotive,10067,3,8.5,8.5,Fri
